loss,accuracy,val_loss,val_accuracy
5.751707077026367,0.453125,1.209893822669983,0.5833333134651184
1.148905873298645,0.6927083134651184,0.33906033635139465,0.875
0.3516749143600464,0.84375,0.1469702273607254,0.9375
0.20001548528671265,0.921875,0.08478579670190811,0.9791666865348816
0.08208537846803665,0.9895833134651184,0.034933824092149734,1.0
0.05898289754986763,0.9895833134651184,0.016093580052256584,1.0
